<?xml version="1.0" encoding="UTF-8" standalone="yes"?>
<addon id="plugin.video.Wizard_Cabrones"
	   name="WIZARD CABRONES"
	   version="1.0.1"
	   provider-name="JUANMA">
  <requires>
    <import addon="xbmc.python" version="2.1.0"/>
  </requires>
  <extension point="xbmc.python.pluginsource" library="default.py">
        <provides>executable</provides>
  </extension>
  <extension point="xbmc.addon.metadata">
    <summary>Wizard Cabrones</summary>
    <description>Wizard Cabrones, el peor wizard del mundo, con decirte que Juanma es el autor</description>
    <platform>all</platform>
  </extension>
</addon>
